Name	title	coding
t3_k0xkq3	Trump’s Embarrassingly Bad Legal Case in Pennsylvania No wonder his campaign kept swapping out its lawyers.	
t3_k0i2ny	Biden Says His Staff Has Spoken With ‘Very Helpful’ Fauci	
t3_k0sc9p	Trump plans to pardon former aide Michael Flynn: source	
t3_k10by4	Trump's Tweets Attacking the Election Echo Russian Trolls	
t3_k0ki19	Minnesota certifies Biden victory	
t3_k0qbo2	Canceling Student Debt Is Very Good. Biden Won’t Do It Unless We Make Him.	
t3_k0e2uk	Donald Trump's Destruction Of Documents	
t3_k0v4fd	'America Is Back': Biden Pushes Past Trump Era With Nominees	
t3_k0lqsb	Trump coronavirus vaccine chief has had ‘no contact’ with Biden transition team	
t3_k0p9am	‘Not a third Obama term’: Biden says world has changed in first sit-down interview	
t3_k0hwwo	Lame duck pardons turkey: Trump confronts reality at muted Thanksgiving event	
t3_k0ipc5	Tucker: What does Joe Biden believe? We still don't know.	
t3_k0uq8x	AOC and Ilhan Omar sign petition calling on Biden not to give Bruce Reed administration role	
t3_k0rem3	Biden's Day 1 challenges: Systemic racism	
t3_k0ysz6	Scarborough says he'll never return to Republican party after GOP supported Trump	
t3_k11mco	Trump asks Pennsylvania lawmakers to ‘turn around’ election results during GOP event in Gettysburg	
t3_k14as7	The Supreme Court fight over Trump’s last-ditch effort to rig the census, explained	
t3_k0tmzh	El Paso moves to collect outstanding debt from 2019 Trump campaign rally	
t3_k0pvc1	Rise Up and Save Us, Joe Biden	
t3_k0f7cb	Defenders of US Public Schools Call on Biden to Ditch Trump's Disastrous Education Policies—and Obama's Too	
t3_k0e1h9	Biden-Harris ticket surpasses 80 million votes: new record	
t3_k0ygi5	Trump administration denies permit for divisive Alaska mine	
t3_k0dtv5	White House has signed off on Joe Biden getting the President's Daily Brief	
t3_k0rtce	Biden’s National Security Team Offers a Sharp Turn. But in Which Direction?	
t3_k0s958	New Poll: Majority of Americans Want the Senate to Reject Biden’s Corporate Nominees	
t3_k0ml97	Biden officially tops 80 million votes, beating Obama's record by 10 million	
t3_k0w32y	China's Xi Jinping finally congratulates Biden on his 2020 election win, with only a few world leaders still holding out	
t3_k0eov2	Trump skips turkey jokes, gives thanks for COVID-19 vaccines	
t3_k0r9c6	Trump Amplifies Sidney Powell's Work Despite Legal Team Cutting Her Loose	
t3_k0tmc3	AOC insists Joe Biden can forgive student loans by executive order despite constitutional questions	
t3_k126t7	Dialing into Pa. GOP meeting, President Trump shows no sign of concession	
t3_k0v7qa	Another Trump campaign advisor tests positive for coronavirus as Giuliani heads to Gettysburg	
t3_k0ve3q	Prosecuting Trump is the only way to heal the nation	
t3_k0xx00	Florida Rep. Matt Gaetz: Trump should pardon himself to stop ‘radical left’	
t3_k0yo9m	Biden appears to pour cold water on Warren and Sanders joining Cabinet	
t3_k0uko4	Barbara Ransby &amp; David Sirota Warn of Close Links Between Biden’s Cabinet Picks &amp; Corporate Power	
t3_k0ukqy	Biden soars as leader of the free world	
t3_k0i4cj	Biden says outreach from Trump admin has been 'sincere' as transition begins	
t3_k0urce	Mexico's president again declines to congratulate Biden on election win	
t3_k0wmlm	Trump bails on surveillance treaty used to monitor Russia, guts program of resources	
t3_k0wm0d	Biden says Americans can worship in person 'safely.' But what does that mean?	
t3_k0pdv5	Georgia secretary of state: My family voted for Trump. He threw us under the bus anyway.	
t3_k0esea	The Trump administration is considering shortening the recommended quarantine time for Covid-19	
t3_k0kyt4	Donald Trump plans to pardon former national security adviser Michael Flynn – reports	
t3_k11ggr	Trump refuses to accept Biden's win as transition proceeds	
t3_k0rpg4	Archbishop Gregory stood up to Trump. Now he’s about to be the first Black cardinal in U.S.	
t3_k0oz32	Q&amp;A: Will Twitter, Facebook crack down on Trump?	
t3_k0swn8	Biden says he hasn't heard from Trump directly	
t3_k0ikh1	Rejecting Trump's foreign policy approach, Biden says 'America is back'	
t3_k0xqeh	President Trump Should Pardon Himself to Stop ‘Radical Left,’ Florida Congressman Says	
t3_k0tmvw	Trump Is Racing to Bring Back Firing-Squad Executions Before He Leaves Office, Says Report	
t3_k0m6p7	President-elect Joe Biden formally introduces national security and foreign policy team	
t3_k0iq15	Biden's intelligence chief pick promises to 'speak truth to power' in shift from Trump era	
t3_k0uq91	Ga. GOP Secretary of State Says Trump 'Threw' His Family 'Under the Bus'	
t3_k0ikrl	Biden transition OK'd to start as Trump runs out of options	
t3_k0f57y	Shirkey: Lawmakers told Trump they have no role in election	
t3_k11o5n	DOJ Is Still Trying to Defend Trump Against Rape Accuser E. Jean Carroll’s Lawsuit During Lame-Duck Session	
t3_k0g55x	Treasury Secretary Mnuchin is moving $455 billion of unspent stimulus money into a fund the incoming Biden administration can't deploy without Congress	
t3_k0xkqa	Trump administration denies permit for Pebble mine in Southwest Alaska	
t3_k0rwl3	Biden Promises Bill Providing Pathway to Citizenship for 11 Million Illegal Immigrants in First 100 Days	
t3_k0fp5n	Why are Missouri and Kansas senators still afraid to say it? Joe Biden won the election.	
t3_k0z2ui	Cancer Alley Community Leaders Are Cautious As Biden Picks Their Fossil Fuel-Friendly Congressman for White House Role	
t3_k0zqlf	Biden gives Thanksgiving address from Delaware	
t3_k0vri0	Trump's about to turn the GOP into one long, humiliating episode of 'The Apprentice'	
t3_k0qrz6	Biden laid out his first 100 days in office and said he wouldn't use DOJ as his personal 'vehicle' to investigate Trump	
t3_k0rkol	A Biden administration wants the Iran nuclear deal back. That could be much harder and riskier now	
t3_k0gb91	Will Bernie Sanders join Biden’s Cabinet? South Carolina’s Jim Clyburn backs the idea	
t3_k0tepq	Trump told confidants he intends to pardon Michael Flynn: report	
t3_k0lq56	Fox News Ratings Plummet After Election. Is President Trump’s Criticism the Cause?	
t3_k0jll7	Mueller 'pit bull' calls for Biden attorney general to investigate Trump	
t3_k0n62m	Trump is expected to join Giuliani at Pennsylvania GOP lawmakers' voter fraud event	
t3_k0fdt6	The Majority of Republicans Would Like to See Trump run Again in 2024.	
t3_k14nh7	Biden Urges Unity: ‘We’re at War With the Virus, Not With One Another’ | In an emotional address, he pleaded with Americans to “hang on” and cited the death of his son to say that he understood the loss in the nation.	
t3_k0f8sr	Biden's Drug Policies Are Still Oppressive	
t3_k0u78m	'America is back': Biden pushes past Trump era with nominees	
t3_k0v755	With the Planet at Stake, Climate Coalition Pressures Biden to Reject 'Corporate Shill' Ernest Moniz as Energy Chief	
t3_k10uhs	Trump rants about overturning the election even as administration begins transition to Biden	
t3_k0vm1n	Joe Biden to deliver a Thanksgiving address seeking US unity	
t3_k12h7v	Joe Biden Should Investigate Trump, Dem Rep Argues: 'We Cannot Dismiss Accountability'	
t3_k0zwpq	Trump demands election results ‘overturned’ and claims GOP poll watchers ‘treated like a dog’	
t3_k0v71f	Biden’s UN Pick Boosts Morale for Diplomats Trump Sidelined	
t3_k0z4yk	Biden's rumored choice for secretary of defense may make history, but she won't do Biden any favors	
t3_k0gb84	Democrats Compare Trump’s Legal Team to Monty Python Sketch in Response to Pennsylvania Appeal	
t3_k0kr95	Biden says transition outreach from Trump administration has been 'sincere'	
t3_k0rcbc	Biden's First Cabinet Picks Announced	
t3_k0v3rn	Arizona GOP Chair Files Last-ditch Lawsuit to Void Joe Biden's Win in State	
t3_k0j044	Comment: The Damage Done, the Job Ahead — Expect Trump to keep lying from the sidelines, and for his followers to stand by him.	
t3_k0zznp	Biden should grant GSA Cabinet-level status — and its independence	
t3_k0meye	Trump set to appear at Pennsylvania GOP hearing on voter fraud claims	
t3_k0fgz7	Biden says he'd meet with Trump 'if he asked'	
t3_k0feo8	Georgia Republican Voters Consider Boycott Of Special Senate Election In Support Of Trump	
t3_k0o1z7	The Thanksgiving turkey pardon was the final humiliation of Donald Trump	
t3_k0fd6y	Demanding Reversal of Trump Cruelty, Immigrant Rights Groups Welcome Biden Pick of Mayorkas for DHS Secretary|The former director of U.S. Citizenship and Immigration Services was a key architect of the Deferred Action for Childhood Arrivals program	
t3_k0kaf1	Biden’s win brings new hope for peace deals with Denmark and Canada	
t3_k0xjcr	Sen. Cotton says Biden’s Cabinet picks signal return of Obama's ‘disastrous’ foreign policy	
t3_k0z706	Trump Lawyer Jenna Ellis Defends Truth Using Fake Teddy Roosevelt Quote | The campaign’s legal adviser posted a tweet using a quote falsely attributed to the 26th president defending truth.	
t3_k0n40v	Trump's coup failed – but US democracy has been given a scare	
t3_k0rwh8	How Biden and Harris can overturn Trump's misogynistic agenda	
t3_k0ilo4	City of El Paso hires legal counsel to help collect Trump campaign’s outstanding debt	
t3_k0q6ay	Trump Plans to Attend Republican Election Hearing With Giuliani	
t3_k12br3	Biden leans toward Donilon as CIA chief	
t3_k0mgqg	Donald Trump ‘plans to pardon’ former aide Michael Flynn	
t3_k0yjn1	Trump cancels trip to Pennsylvania GOP meeting on election irregularities, source says	
t3_k0te8w	President-Elect Biden Hits 80 Million Votes In Year Of Record Turnout	
t3_k0iaxx	Biden keeps the peace with first Cabinet picks | The former veep hasn’t sparked any bitter fights with the left. But he hasn’t given progressives any major wins either.	
t3_k0ia9t	‘Tears and Legal Bills’: Legal Experts Point and Laugh as Trump’s Legal Team Sweats It Out at Third Circuit	
t3_k0wrop	Trump attorney Rudy Giuliani to speak on election fraud before Pennsylvania state Senate	
t3_k0leqh	Climate Activists “Deeply Skeptical” of John Kerry, Biden’s Climate Policy Lead	
t3_k0wk7g	Judge Rules Against Trump Ploy to Force Elderly Into Nursing Homes. Decision Blocks Effort to Keep States from Deducting Insurance, Union Dues from Home Healthcare Workers	
t3_k0r3eo	Former Republican House speaker Paul Ryan tells Trump to concede and stop ‘undermining democracy’	
t3_k0n63e	Sanction Trump’s Election Lawyers—Now!	
t3_k0tujg	A New Jersey congressman is seeking to disbar Trump's personal attorney Rudy Giuliani after he touted election-related conspiracy theories	
t3_k0ffko	Rubio takes aim at Biden’s ‘Ivy League’ foreign policy Cabinet nominees	
t3_k13n1j	'Shameful': Progressives are angry Biden is considering a Cabinet post for Rahm Emanuel despite his handling of the police shooting of an unarmed Black teenager	
t3_k10ua8	White House Weighs Pardon Blitz Before Trump’s Exit	
t3_k0ssez	China’s president Xi Jinping finally congratulates Joe Biden on election win	
t3_k0qym3	Trump Seemed to Go Along With Biden's Transition Only After Aides Told Him He Didn't Have to Admit He Lost	
t3_k0egox	At Trump's final bizarre turkey pardon, his ongoing refusal to concede was the elephant in the room. The president talked up the Dow and made a racist swipe at the "China virus," but no mention of the transition	
t3_k0pefy	Au revoir 'America First': Biden team ditches Trump-style nationalism with foreign policy picks	
t3_k12jmq	Biden's pick for US spy chief played a central role in Obama's secretive drone war that resulted in hundreds of civilian deaths	
t3_k0yc64	New Poll Shows 68% of Americans Want Senators to Block Any Corporate Biden Nominees | Progressives are calling on the president-elect to reject a "Corporate Cabinet" and instead pick "people dedicated to working in service of the general welfare."	
t3_k0sng4	The three nuclear threats facing President-elect Biden	
t3_k0r4z7	Trump to join Rudy Giuliana at a hotel in Pennsylvania for a Republican hearing into baseless voter fraud claims	
t3_k0j6dp	Biden becomes first presidential candidate to win more than 80 million votes	
t3_k0iiyj	Biden says staff has spoken with Fauci: 'He's been very, very helpful'	
t3_k0y3k8	Obama Claims Evangelical Latinos Disregarded Trump’s Racism Because of Views on ‘Abortion,’ ‘Gay Marriage’	
t3_k0j6go	Trump and a Lesson in How Coups Fail	
t3_k0hoks	Biden doesn’t rule out his Justice Department investigating Trump	
t3_k0hvtb	Biden was just formally recognized as president-elect after delay. Now what happens?	
t3_k0zzn9	No, President Trump Did Not Pardon Himself	
t3_k0fphc	Trump will soon leave the White House. How long before he stops dominating the conversation?	
t3_k0ixdr	Trump campaign announces Michigan House hearing that's not happening	
t3_k0zjh9	US should encourage China's rise, Biden national security pick Jake Sullivan says	
t3_k0wlug	Trump lawyer details far-fetched strategy to reverse Pennsylvania win for Biden	
t3_k13ard	Almost everything Trump said at a Republican event in Pennsylvania about the election was a lie or a conspiracy theory	
t3_k11y4x	Mueller prosecutor says next attorney general should investigate Trump	
t3_k0njti	Aristotle would have seen Trump’s behaviour as entirely normal	
t3_k0fdxm	How Trump’s Strategy for Outpacing the Law Finally Fell Apart	
t3_k0du5r	Ivanka criticised for boasting about greenhouse gas emissions drop under Trump administration	
t3_k0exmu	For Trump, it’s all over but the tweeting	
t3_k0ps90	Trump's staffers are reportedly now avoiding him to stay out of legal jeopardy	
t3_k0f05j	How Trump's legal battles to overturn the election undermine the Black vote	
t3_k0r0vi	The Transition Delay Is Going to Cost Lives - Biden’s transition to the presidency may finally begin, but the ramifications of Trump’s lame-duck sabotage will linger well beyond Inauguration Day	
t3_k0ezft	Biden to begin receiving classified Presidential Daily Briefings	
t3_k0v7l7	Biden to receive first daily presidential briefing on Monday	
t3_k0v9ok	Fauci says he would 'absolutely' serve on a Biden coronavirus task force	
t3_k0g74u	Trump Push To Invalidate Votes In Heavily Black Cities Alarms Civil Rights Groups	
t3_k0dyrm	The Republican Party Is Dead. It’s the Trump Cult Now.	
t3_k0obaj	Wisconsin officials: Trump observers obstructing recount	
t3_k0w1tc	Trump’s racist attacks on democracy open Pandora’s box for future suppression	
t3_k0u1nd	Putting Trump past us is like exiting an abusive relationship: it takes time. Under Trump many had a ‘collective hypervigilance and anxiety of what he might do next’, experts say – so how do we unpack these past four years?	
t3_k0x266	Biden: I am not going to shut down the economy, period	
t3_k0f9d4	'Well that was weird as s***': Reporters caught on hot mic baffled by Trump's minute long press conference | The president previously warned voters that the stock market would tank if Joe Biden won the election	
t3_k0t0ml	Fact check: Trump lawyer Sidney Powell falsely stated he won election 'by a landslide'	
t3_k0vsz3	Losing Hasn’t Changed Trump’s Stance on White Supremacy	
t3_k0mhkc	Biden Says It Would Be 'Difficult' To Lose Sanders Or Warren From Senate For Admin.	
t3_k13uia	Ocasio-Cortez doubles down on Biden keeping Emanuel out for 'covering up a murder'	
t3_k10put	Joe Biden calls for shared sacrifice to fight the pandemic as Trump rails about baseless election accusations	
t3_k0jv46	Trump campaign announces Arizona public hearing on election, but lawmakers say none is planned	
t3_k0h2s8	Trump Wonders If He Should Have Gone With A Lawyer From The Yellow Pages Instead Of Leaky Rudy — The cases would still have been BS, but it would have been less humiliating.	
t3_k0k8ic	Pennsylvania officials tell court to reject Donald Trump campaign appeal as new lawsuit filed in Wisconsin	
t3_k0ul70	President-Elect Joe Biden Hits 80 Million Votes In Year Of Record Turnout	
t3_k0p9cw	Key Democrat warns Biden not to nominate Mike Morell as CIA director	
t3_k0ehzb	What We’ve Learned About The Biden Administration From His Staffing Choices So Far	
t3_k0x19o	Trump Legal Team Wants Rudy Giuliani to Argue in Federal Court Again, But There Are Some Problems	
t3_k0lrm0	A reliable pandemic forecasting model says cases will nearly double by Inauguration Day. As case numbers explode across the country, Biden is poised to inherit a drastically worse crisis	
t3_k0srli	Newsmax CEO says Trump should concede election once all states have certified their results	
t3_k0ujll	Trump adviser who was with Giuliani at press conference tests positive for coronavirus	
t3_k0scsk	To Prevent 'Another Right-Wing Authoritarian' Even Worse Than Trump, Sanders Says Democrats Must Pursue Bold Working Class Agenda	
t3_k0t74f	Trump's bizarre Georgia play: He wants to show Republicans he's still the boss	
t3_k0r8i1	'Never Trumpers' Admit Trump Has Taken Over GOP, But They're Staying To Fight	
t3_k0w7hg	Biden says Trump 'will go down in history as being one of the most irresponsible presidents'	
t3_k0ek8c	Biden's foreign policy team lays out a national security vision that differs sharply from Trump's	
t3_k0w4pc	Rahm Emanuel doesn’t deserve a job in Biden’s administration	
t3_k0ophh	Trump loyalist put in top Pentagon post after purge 2 weeks ago now leads transition to incoming Biden administration	
t3_k0x08b	King to remain in Senate as Biden plans to nominate former CIA official for intelligence post	
t3_k12dib	President-elect Joe Biden's Thanksgiving address as prepared for delivery	
t3_k0yz88	Trump team’s bizarre legal fight channels the McCarthy era	
t3_k0qxw7	Trump Lawyer’s Latest Praise Of The President Goes Viral For All The Wrong Reasons : Jenna Ellis described Donald Trump as a “WARRIOR.” Critics had a field day.	
t3_k0rm6q	Will Twitter, Facebook crack down on Trump once he leaves office?	
t3_k0jrc7	Trump Is Said to Plan Pardon of Flynn	
t3_k0ftlb	McConnell pushed Trump to nominate Coney Barrett on the night of Ginsburg's death: report	
t3_k0f7st	Small but growing number of Republicans tell Trump it's over: "Stop golfing and concede"	
t3_k0yep7	Trump 1st President Since Carter Not to Send Troops Into New Conflict	
t3_k0oad4	Roger Stone-linked group urges voters to write in Trump in Georgia runoffs as revenge against GOP | A fringe group of Republicans is trying to sink the GOP's Senate hopes as retaliation after Trump's loss in Georgia	
t3_k0zxjg	Congress braces for Biden’s national coronavirus strategy	
t3_k0w03e	Biden’s IRS could finally give Trump’s tax returns to Democrats	
t3_k0w1os	Trump campaign says Michigan election hearing slated for next week. That's not happening	
t3_k0w5uj	Biden Announces First LGBTQ+ Appointee in His Administration	
t3_k0twoj	Joe Biden’s early picks for top advisors signal a return to stability, experience and sobriety	
t3_k0rv3j	Trump's economic team accused of 'sabotaging' Biden before exiting	
t3_k0fh0r	Joe Biden Is Filling His Cabinet With Pro-War Hawks	
t3_k0kkvp	Trump Hasn’t Taken Questions From the Press in Three Weeks. He Just Held a Press Conference That Lasted 90 Seconds	
t3_k0qym5	Can Trump's lawyers be disciplined for making false claims?	
t3_k0urqy	Adam Schiff Says If Trump Pardons Flynn He'd Be 'Acting Like An Organized Crime Figure'	
t3_k0e1gu	Kemp decries ‘baseless attacks’ from Trump supporter	
t3_k0zb6z	Joe Biden becomes first presidential candidate in U.S. history to surpass 80 million votes	
t3_k0fyre	Biden certified as winner of Pennsylvania presidential vote	
t3_k0htf3	Biden to deliver Thanksgiving address	
t3_k0vn6o	Biden team to begin getting COVID-19 briefings	
t3_k0qh3g	Analysis: Biden prioritizes experience with Cabinet picks	
t3_k0eshp	Trump Appointee Unconstitutionally Interfered With VOA, Judge Rules	
t3_k0t55y	Trump set to attend Pennsylvania Republicans' 'hearing' on voter fraud: reports	
t3_k1085e	As Trump’s stage set is struck, his disastrous plot plays out	
t3_k0dzgo	‘America is back’: Biden introduces historic Cabinet nominees who will ‘stand up for our values’	
t3_k0f0p1	White House signs off on Biden receiving intelligence briefs	
t3_k0rw09	Trump Reportedly Plans to Pardon Former National Security Adviser Michael Flynn	
t3_k0f0sb	Joe Biden’s early appointments are showing a deft touch	
t3_k0pk8a	Trump Races to Weaken Environmental and Worker Protections, and Implement Other Last-Minute Policies, Before Jan. 20	
t3_k0zcp6	In an apparent dig at the Trump administration, Obama says Biden's foreign policy team will 'know where countries are'	
t3_k13deu	Biden seeks unity as Trump stokes fading embers of campaign	
t3_k0yf3v	China's Xi Jinping Congratulates Biden On Election Win, Urges Cooperation	
t3_k0idth	Biden: Guarded Irish border ‘just not right’	
t3_k0w5ah	GOP Senator Suggests He May Oppose Biden's Treasury Pick, Says He 'Voted Against' Yellen for Fed	
t3_k0vvgw	60% of US Voters Support Biden Canceling $50,000 of Student Loan Debt Per Person: Poll	
t3_k10g9z	Bernie Sanders Criticizes Trump for Touting Dow Record as Millions of Americans Won't Have Enough Food on Thanksgiving	
t3_k12c8y	Judge Presiding Over ‘Bonkers’ Election Lawsuit Blocks Whatever Hasn’t Been Certified of Biden’s Certified Pa. Victory	
t3_k0rn3k	Trump administration reportedly mulling end to European travel ban	
t3_k0v6fv	'Under the bus': GOP official learns the limits of Trump's loyalties	
t3_k13eyv	Donald Trump Calls In to Gettysburg Hearing: We Have to Overturn Election Because Democrats Cheated	
t3_k0ui3z	Chinese leader Xi Jinping congratulates Biden on winning election	
t3_k0k7de	Mike Pompeo Is a Global Arsonist. Can Biden Put Out His Fires? | The secretary of state is igniting diplomatic infernos left and right, leaving the next administration with untold damage on its hands.	
t3_k0wvag	Mueller prosecutor Andrew Weissmann says Trump should be investigated and charged with potential federal crimes after leaving office	
t3_k0ui6w	Gaetz: 'Trump should pardon everyone' including himself to quench liberal 'bloodlust'	
t3_k0tynj	Michigan lawmakers told Trump they have no role in election	
t3_k0qdok	Explainer: Can Trump's lawyers be disciplined for making false claims?	
t3_k0tgk3	Georgia secretary of state says Trump threw him under bus despite his support	
t3_k0wd4c	Trump cancels plans to attend Pennsylvania GOP event on election	
t3_k0te9q	Biden says his team is already talking with Trump administration officials	
t3_k0mven	Trump's tariffs could give Biden 'leverage' over China, former White House trade negotiator says	
t3_k0v3em	Biden to unveil economic team next week -transition official	
t3_k0jukw	Trump tells confidants he plans to pardon Michael Flynn	
t3_k0jlwv	Biden eyes New Mexico governor, Obama surgeon general for health secretary	
t3_k0sjsl	A warning from Europe: Trump may be leaving, but right-wing populism is not	
t3_k0uv7d	Trump’s Election Lies Failed, but the Damage Is Done | Trump’s supporters, already steeped in white grievance, are predictably receptive to the idea that “illegal voters” have succeeded in stealing their democracy.	
t3_k0m3pb	Trump supporters pressuring Republicans over election	
t3_k0xlfj	Trump cancels trip to GOP fraud “hearing” at Pennsylvania Wyndham after Giuliani exposed to COVID-19. The campaign said similar "hearings" were planned in Michigan and Arizona, but that was news to GOP officials there	
t3_k1353z	Biden says he'll push 'pathway to citizenship for over 11 million undocumented people' in first 100 days	
t3_k0typ9	China's Xi congratulates Biden on election	
t3_k0ll9c	“This Keeps Me Up at Night” Radicalization experts fear what Trump’s fringes will do now—and they aren’t certain how to stop it.	
t3_k0t6qn	Xi Jinping sends congratulations to US president-elect Joe Biden	
t3_k124r4	How Democrats should exploit Trump’s continued effort to hold the GOP hostage	
t3_k0izza	Can Donald Trump create an Avignon Presidency? Constitutional scholars weigh in	
t3_k0isk7	Just In: President-elect Joe Biden asked if he'd meet with President Trump	
t3_k0tp5h	McConnell Called Trump on Air Force One After Ginsburg Died, ‘Told’ the President ‘You’ve Gotta Nominate Amy Coney Barrett’: Report	
t3_k0k34c	Trump crams one last racist policy into his final days as president	
t3_k0t1hf	Gaetz Urges Trump To Go Wild With Pardons, Including A Self-Pardon, To Own The Libs	
t3_k0gvyf	A Trump Appointee Is Trying to Force New Bank Investments in Fossil Fuel Extraction	
t3_k0jgck	Rubio signals opposition to Biden Cabinet picks	
t3_k0mtw2	Biden is giving the left nothing for their investment	
t3_k0gowa	The Trailer: A liberal on how he won in a Trump district	
t3_k114eb	Megathread: President Donald Trump Pardons General Michael Flynn	
t3_k0zcsn	'Biff is president': Michael J. Fox says Trump has played on 'every worst instinct in mankind'	
t3_k0t2i7	Will Trump ever concede to Biden? Approving the transition may be as close as he gets to that, aides say	
t3_k0gbii	Pennsylvania Urges Third Circuit to Put Trump Campaign’s ‘Frankenstein’s Monster’s Monster’ Lawsuit Out of Its Misery	
t3_k10u0q	Biden calls for nation to unite in COVID-19 fight in Thanksgiving address	
t3_k0f3pm	New Trump rule could require up to $15,000 bond for travel to US	
t3_k0zlmy	The Women Activists Rejecting Biden’s Pro-War “Feminism”	
t3_k1169e	Joe Biden Says the U.S. Will Lead on Climate. But First He Has to Regain World Leaders' Trust	
t3_k12qwf	Trump suddenly irrelevant, Biden steals Thanksgiving spotlight with call for unity	
t3_k0zh1q	Trump pushing through dozens of last minute policy changes – including use of firing squads	
t3_k0lsbf	'America is back': Biden pushes past Trump era with nominees	
t3_k0gymn	One-on-one with Biden in first post-election interview	
t3_k0nya6	After Trump, Biden Faces Pressure to Stand Up to China by Embracing Taiwan	
t3_k0r986	Biden searches for attorney general to restore Justice Dept.’s independence, refocus on civil rights	
t3_k0ldx0	‘People are pissed’: Tensions rise amid scramble for Biden jobs	
t3_k0wa0m	Biden to Unveil Economic Team Next Week -Transition Official	
t3_k0sql6	Iran's president hopes Biden unravels Trump's Iran policies	
t3_k0pueo	'Flat-Out Sabotage' Already Underway as Mnuchin Tries to Put $455 Billion in Covid Funds Out of Biden Team's Reach	
t3_k12fkx	Trump’s Lawyers Just Performed Another Embarrassing “Election Fraud” Show	
t3_k0wtut	Trump’s transgender ban has harmed US military, experts find	
t3_k0w4g6	Trump, aides have discussed plans to pardon Michael Flynn: reports	
t3_k0u62y	Gov. Cuomo takes President Trump’s side against ‘disrespectful’ reporters	
t3_k0uxvn	Georgia secretary of state says he's a Trump voter 'now being thrown under the bus by him'	
t3_k0e84j	Progressives Cheer Joe Biden's First Round of Cabinet Picks: 'A Great First Step'	
t3_k0pnpa	Rejecting Trump's foreign policy approach, Biden says 'America is back'	
t3_k138sb	'A cabinet that looks like America': Harris hails Biden's diverse picks	
t3_k0iwm8	Trump Is Trying to Set Yellen and Biden Up to Fail as He Sabotages the Economy — Trump, with the consent of the GOP, is trying to sabotage Biden’s chances at a recovery every way he can.	
t3_k0zaef	Trump’s Next Two Months of Mayhem	
t3_k115h8	Want to understand Biden voters? Here’s your reading list.	
t3_k0wast	Trump campaign strategic advisor and unofficial Jewish liaison tests positive for coronavirus	
t3_k0spjx	Trump shares bizarre videos and tweets by actor Randy Quaid about voter fraud, Fox News	
t3_k0ss25	Twitter Users Mock Melania Trump's ‘Who Gives A F**k About Christmas’ Tree	
t3_k0wf6f	GA Secretary Of State: My Family Voted Trump And Was ‘Thrown Under The Bus’	
t3_k0qkgl	Biden says the White House is cooperating fully with his transition, but that Trump still won't speak to him	
t3_k0u20u	Trump to reportedly join Rudy Giuliani at Pennsylvania election event after aides 'tried talking him out of' going	
t3_k13c26	Trump’s hopes sputter to end in Michigan. ‘It’s over, and they know it.’	
t3_k0ftad	Joe Biden's Cabinet Picks Send a Clear Message: The Adults Are Back in Charge	
t3_k0dwtt	75% of every donation to Trump's leadership PAC could actually be spent by the president himself on things like paying family members or financing a 2024 bid	
t3_k0w5xq	Republicans Are Really Trying to Argue that Biden’s Cabinet Picks Are Corrupt	
t3_k0nd17	Trump Reportedly Planning To Pardon Michael Flynn, Start Of Spree	
t3_k0mb1j	As Sanders pushes for cabinet role, Biden says Senate leaders needed for "very progressive agenda"	
t3_k0tigo	Obama criticizes Trump on pandemic response: 'It's not rocket science'	
t3_k124oq	President Trump Phones into Pennsylvania Republican Hearing on 2020 Election	
t3_k0zp9f	President-elect Biden Delivers Thanksgiving Address	
t3_k0lxlj	Ingraham admits Trump lost — and saying otherwise is “lying”: “This constitutes living in reality”	
t3_k0gwke	She wasn't everyone's favourite First Lady, but here's what we'll miss about Melania Trump	
t3_k0eoay	'America is back': Biden pushes past Trump era with nominees	
t3_k0rbvd	Rudy Giuliani and Pennsylvania GOPers Plan ‘Hearing’ on Election ‘Issues,’ With Trump Expected to Attend	
t3_k11ip5	Column: Brace yourself for Trump’s scorched-earth attacks on health and safety	
t3_k0q8zg	Progressives see red flags in regulatory official on Biden transition team	
t3_k0rrfe	What do Trump's 'Muslim ban,' Ukraine, and Biden smear campaigns have in common? Giuliani. |	
t3_k0hf0z	How the GSA's 16-day blockade on Biden's transition finally ended	
t3_k0jx7j	‘Fantasy world’: Pompeo knocks Biden administration picks as out of touch on foreign policy	
t3_k0zek5	Rouhani: Iran and US can return to time before Trump	
t3_k0n9eg	Biden team inherits Trump's ocean of troubles	
t3_k0ucpe	In refusing to acknowledge Biden win, McConnell again puts politics ahead of country	
t3_k0s17r	Biden Says It Would Be 'Difficult' To Lose Sanders Or Warren From Senate For Admin	
t3_k0ijj1	Sidelined by Trump during the COVID-19 pandemic, CDC officials say they can't wait to 'rebuild the agency' under the Biden administration	
t3_k10zvu	Mnuchin clawback may “sabotage” Biden by blocking $455B in COVID-19 funds — it may also be “illegal”. A watchdog says Mnuchin’s move violated the Cares Act. Democrats call it downright "corrupt"	
t3_k0f0zp	Watch Trump's Stock Market Collapse Prediction Go Down in Flames	
t3_k0h6rd	Poll: 60 percent support Biden canceling up to $50K of student loan debt per person	
t3_k12s6a	House Democrats seek list of Trump appointees "burrowing in" to Biden administration	
t3_k0ugew	Tracking the Trump Administration’s “Midnight Regulations”	
t3_k105kc	Joe Biden Appeals for Unity in Thanksgiving-Eve Address	
t3_k0vbim	Trump’s Team Is Sabotaging the Transition	
t3_k0s9ff	Immigration advocates push Biden to not just bring back DACA but expand it	
t3_k0w484	Congress Pays $850,000 to Muslim Aides Targeted in Inquiry Stoked by Trump	
t3_k0k3zh	Transition Gets Underway in Earnest as Biden Team Fans Out Across Capital	
t3_k0jbe2	Potential Joe Biden White House Staffer Justified Palestinian Suicide Bombers	
t3_k0zoxm	'Truly Grotesque': On Way Out the Door, Trump Prioritizes Bringing Back Executions by Firing Squad and Electrocution	
t3_k0sebi	How Black Americans Saved Biden and American Democracy	
t3_k0qm85	Geraldo Rivera joins fellow Fox News host Laura Ingraham in urging viewers to accept Trump's defeat, saying he can't 'continue denying the results of the election'	
t3_k0jm6y	McConnell Told Trump to Nominate Amy Coney Barrett on Night of Ginsburg's Death, Ex-Chief of Staff Says	
t3_k0kves	'America is back': Biden formally introduces national security, foreign policy team	
t3_k0ocg0	Biden says ‘we must keep’ an open border between Ireland and Northern Ireland	
t3_k0qxwy	Can American democracy survive Donald Trump?	
t3_k102eh	'Losing': Why Trump Lost Every 2020 Election Plot - The Lessons For The U.S.	
t3_k0yqon	The Trump administration is aiming to bring back firing squads and electrocutions for some federal executions	
t3_k12m2q	'Major Test' for Soul of Biden Presidency: AOC, Ilhan Omar Back Effort to Keep Deficit Hawk Bruce Reed Out of White House	
t3_k122ne	Trump order could spark mass firings of civil servants before inauguration, lawmakers warn	
t3_k12a3k	Biden offers a message of unity on Thanksgiving Eve as Trump airs grievances and spreads conspiracy theories	
t3_k0wcwi	Obama says Americans voted for Trump because Republicans cast white men as ‘victims’	
t3_k0no5l	China, not Biden picks Antony Blinken and Jake Sullivan, will dictate U.S. foreign policy	
